-- phpMyAdmin SQL Dump
-- version 5.2.1
-- https://www.phpmyadmin.net/
--
-- Host: 127.0.0.1
-- Generation Time: Oct 21, 2024 at 02:11 AM
-- Server version: 10.4.28-MariaDB
-- PHP Version: 8.2.4

SET SQL_MODE = "NO_AUTO_VALUE_ON_ZERO";
START TRANSACTION;
SET time_zone = "+00:00";


/*!40101 SET @OLD_CHARACTER_SET_CLIENT=@@CHARACTER_SET_CLIENT */;
/*!40101 SET @OLD_CHARACTER_SET_RESULTS=@@CHARACTER_SET_RESULTS */;
/*!40101 SET @OLD_COLLATION_CONNECTION=@@COLLATION_CONNECTION */;
/*!40101 SET NAMES utf8mb4 */;

--
-- Database: `bhrm`
--

-- --------------------------------------------------------

--
-- Table structure for table `bhapplication`
--

CREATE TABLE `bhapplication` (
  `id` int(11) NOT NULL,
  `owner` varchar(255) NOT NULL,
  `hname` varchar(25) NOT NULL,
  `haddress` varchar(25) NOT NULL,
  `contact_no` int(255) NOT NULL,
  `status` varchar(255) NOT NULL,
  `landlord` varchar(255) NOT NULL
) ENGINE=InnoDB DEFAULT CHARSET=utf8mb4 COLLATE=utf8mb4_general_ci;

-- --------------------------------------------------------

--
-- Table structure for table `boardinghouses`
--

CREATE TABLE `boardinghouses` (
  `id` int(11) NOT NULL,
  `owner` varchar(255) NOT NULL,
  `hname` varchar(25) NOT NULL,
  `haddress` varchar(25) NOT NULL,
  `contact_no` int(255) NOT NULL,
  `landlord` varchar(255) NOT NULL
) ENGINE=InnoDB DEFAULT CHARSET=utf8mb4 COLLATE=utf8mb4_general_ci;

--
-- Dumping data for table `boardinghouses`
--

INSERT INTO `boardinghouses` (`id`, `owner`, `hname`, `haddress`, `contact_no`, `landlord`) VALUES
(2, 'alfred@gmail.com', 'Alfred Boarding House', 'maranding', 345345, 'Alfred Mag Aso'),
(3, 'khemark@gmail.com', 'Khemark BH', 'Tenazas', 4564464, 'khemark Ocariza'),
(4, 'dodge@gmail.com', 'Dodge Boarding House', 'maranding', 0, ''),
(25, 'shrek@gmail.com', 'shrek BH', 'Zamboanggaa', 0, ''),
(28, 'Jestoni@gmail.com', 'Jestoni Boarding House', 'Zamboanggaa', 7897979, 'Jestoni Villarta');

-- --------------------------------------------------------

--
-- Table structure for table `description`
--

CREATE TABLE `description` (
  `id` int(255) NOT NULL,
  `bh_description` varchar(255) NOT NULL,
  `hname` varchar(255) NOT NULL
) ENGINE=InnoDB DEFAULT CHARSET=utf8mb4 COLLATE=utf8mb4_general_ci;

--
-- Dumping data for table `description`
--

INSERT INTO `description` (`id`, `bh_description`, `hname`) VALUES
(3, 'pinaka nindot sa tanan', 'tenazas BH'),
(6, 'pinaka nindot sa tanan', 'Dave BH'),
(7, 'yes yes', 'Apitong Boarding House'),
(8, 'YE SYESYSE', 'Syudad Boarding House'),
(10, 'pinaka nindot sa tanan', 'Alfred Boarding House'),
(11, 'pinaka nindot sa tanan', 'Khemark BH'),
(13, 'pinaka nindot sa tanan', 'Dodge Boarding House'),
(25, 'pinaka nindot sa tanan', 'shrek BH'),
(28, 'pinaka nindot sa tanan', 'Jestoni Boarding House');

-- --------------------------------------------------------

--
-- Table structure for table `documents`
--

CREATE TABLE `documents` (
  `id` int(255) NOT NULL,
  `documents` varchar(255) NOT NULL,
  `image` varchar(255) NOT NULL,
  `hname` varchar(255) NOT NULL
) ENGINE=InnoDB DEFAULT CHARSET=utf8mb4 COLLATE=utf8mb4_general_ci;

--
-- Dumping data for table `documents`
--

INSERT INTO `documents` (`id`, `documents`, `image`, `hname`) VALUES
(3, 'images/agesser.png', 'images/background.jpeg', 'tenazas BH'),
(6, 'images/al.jpg', 'images/agesser.png', 'Dave BH'),
(7, 'images/sgsdgs.jpg', 'images/sdfghdsf.jpg', 'Apitong Boarding House'),
(8, 'images/dfghdfh.jpg', 'images/drtd.jpg', 'Syudad Boarding House'),
(10, 'images/al.jpg', 'images/background.jpeg', 'Alfred Boarding House'),
(11, 'images/al.jpg', 'images/gallery_4.jpg', 'Khemark BH'),
(13, 'images/agesser.png', 'images/98174995_146435506983130_761808498299240448_n.jpg', 'Dodge Boarding House'),
(25, 'images/sgsdgs.jpg', 'images/drtd.jpg', 'shrek BH'),
(28, 'images/agesser.png', 'images/98174995_146435506983130_761808498299240448_n.jpg', 'Jestoni Boarding House');

-- --------------------------------------------------------

--
-- Table structure for table `reservation`
--

CREATE TABLE `reservation` (
  `id` int(255) NOT NULL,
  `fname` varchar(255) NOT NULL,
  `lname` varchar(255) NOT NULL,
  `email` varchar(255) NOT NULL,
  `gender` varchar(255) NOT NULL,
  `date_in` datetime NOT NULL DEFAULT current_timestamp(),
  `addons` varchar(255) NOT NULL,
  `room_no` int(255) NOT NULL,
  `beds` varchar(255) NOT NULL,
  `capacity` int(255) NOT NULL,
  `amenities` varchar(255) NOT NULL,
  `price` int(255) NOT NULL,
  `image` varchar(255) NOT NULL,
  `status` varchar(255) NOT NULL,
  `res_stat` varchar(255) NOT NULL,
  `res_duration` varchar(255) NOT NULL,
  `res_reason` varchar(255) NOT NULL,
  `hname` varchar(255) NOT NULL
) ENGINE=InnoDB DEFAULT CHARSET=utf8mb4 COLLATE=utf8mb4_general_ci;

--
-- Dumping data for table `reservation`
--

INSERT INTO `reservation` (`id`, `fname`, `lname`, `email`, `gender`, `date_in`, `addons`, `room_no`, `beds`, `capacity`, `amenities`, `price`, `image`, `status`, `res_stat`, `res_duration`, `res_reason`, `hname`) VALUES
(1, 'Dodge', 'Ackkerman', 'user@gmail.com', '', '2024-09-26 00:00:00', 'watata', 2, '0', 0, 'ref, computer, microwave', 10000000, 'images/sdfghdsf.jpg', 'Full', 'Approved', '', 'Process Completed', 'Dodge Boarding House'),
(2, 'Dodge', 'Ackkerman', 'dave@gmail.com', '', '2024-09-26 00:00:00', 'watata', 2, '0', 0, 'ref, computer, microwave', 10000000, 'images/sdfghdsf.jpg', 'Full', 'Rejected', '', 'No valid information / No Tenant Came', 'Dodge Boarding House'),
(3, 'Dodge', 'Ackkerman', 'user@gmail.com', '', '2024-09-26 00:00:00', 'watata', 2, '0', 4, 'ref, computer, microwave', 10000000, 'images/sdfghdsf.jpg', 'Full', 'Rejected', '', 'No valid information / No Tenant Came', 'Dodge Boarding House'),
(4, 'Dodge', 'Ackkerman', 'user@gmail.com', '', '2024-09-28 00:00:00', 'watata', 2, '0', 4, 'ref, computer, microwave', 10000000, 'images/sdfghdsf.jpg', 'Full', 'Rejected', '', 'No valid information / No Tenant Came', 'Dodge Boarding House'),
(5, 'Dodge', 'Suico', 'user@gmail.com', '', '2024-09-28 00:00:00', 'palihug kog hinlo', 2, '0', 4, 'ref, computer, microwave', 10000000, 'images/sdfghdsf.jpg', 'Full', 'Rejected', '', 'No valid information / No Tenant Came', 'Dodge Boarding House'),
(6, 'Jestoni', 'villarta', 'user@gmail.com', 'male', '2024-09-29 00:00:00', 'palihug kog hinlo', 2, '0', 4, 'ref, computer, microwave', 10000000, 'images/sdfghdsf.jpg', 'Full', 'Rejected', '', 'No valid information / No Tenant Came', 'Dodge Boarding House'),
(7, 'Jestoni', 'villarta', 'user@gmail.com', 'male', '2024-09-29 00:00:00', 'palihug kog hinlo', 2, '1,2,3,4', 4, 'ref, computer, microwave', 10000000, 'images/sdfghdsf.jpg', 'Full', 'Approved', '', 'Process Completed', 'Dodge Boarding House'),
(8, 'Jestoni', 'villarta', 'user@gmail.com', 'male', '2024-09-29 00:00:00', 'palihug kog hinlo', 2, 'Whole bed', 4, 'ref, computer, microwave', 10000000, 'images/sdfghdsf.jpg', 'Full', 'Approved', '', 'Process Completed', 'Dodge Boarding House'),
(9, 'Dodge', 'Ackkerman', 'user@gmail.com', 'male', '2024-09-30 00:00:00', 'palihug kog hinlo', 5, '2', 3, 'ref, computer, oven', 500, 'images/sdfghdsf.jpg', 'Full', 'Approved', '', 'Process Completed', 'Dodge Boarding House'),
(10, 'Dodge', 'Ackkerman', 'user@gmail.com', 'male', '2024-10-15 00:00:00', 'palihug kog hinlo', 5, '1', 3, 'ref, computer, oven', 500, 'images/sdfghdsf.jpg', 'Full', 'Approved', '', 'Process Completed', 'Dodge Boarding House');

-- --------------------------------------------------------

--
-- Table structure for table `rooms`
--

CREATE TABLE `rooms` (
  `id` int(11) NOT NULL,
  `room_no` int(255) NOT NULL,
  `room_type` varchar(255) NOT NULL,
  `capacity` int(255) NOT NULL,
  `current_tenant` int(255) NOT NULL,
  `amenities` varchar(255) NOT NULL,
  `tenant_type` varchar(255) NOT NULL,
  `room_floor` varchar(255) NOT NULL,
  `price` int(255) NOT NULL,
  `image` varchar(255) NOT NULL,
  `status` varchar(255) NOT NULL,
  `hname` varchar(255) NOT NULL
) ENGINE=InnoDB DEFAULT CHARSET=utf8mb4 COLLATE=utf8mb4_general_ci;

--
-- Dumping data for table `rooms`
--

INSERT INTO `rooms` (`id`, `room_no`, `room_type`, `capacity`, `current_tenant`, `amenities`, `tenant_type`, `room_floor`, `price`, `image`, `status`, `hname`) VALUES
(2, 5, 'Double Room', 3, 3, 'ref, computer, oven', 'male', 'ground floor', 500, 'images/sdfghdsf.jpg', 'Full', 'Dodge Boarding House'),
(3, 2, 'Single Room', 4, 4, 'ref, computer, microwave', 'male', 'ground floor', 10000000, 'images/sdfghdsf.jpg', 'Full', 'Dodge Boarding House'),
(4, 1, 'Single Room', 0, 0, 'ref, computer, microwave', '', '', 10000000, 'images/sdfghdsf.jpg', 'Full', 'Alfred Boarding House'),
(5, 6, 'Quadrouple Room', 3, 0, 'Tv, Wifi, Aircon', 'male', 'ground floor', 10000000, 'images/sdfghdsf.jpg', 'available', 'Dodge Boarding House'),
(6, 7, 'Tripple Room', 6, 0, 'Tv, Wifi, Aircon', 'male', 'ground floor', 10000000, 'images/sdfghdsf.jpg', 'available', 'Dodge Boarding House');

-- --------------------------------------------------------

--
-- Table structure for table `users`
--

CREATE TABLE `users` (
  `id` int(11) NOT NULL,
  `fname` varchar(50) NOT NULL,
  `lname` varchar(50) NOT NULL,
  `uname` varchar(50) NOT NULL,
  `pass` varchar(50) NOT NULL,
  `role` varchar(50) NOT NULL,
  `hname` varchar(255) NOT NULL
) ENGINE=InnoDB DEFAULT CHARSET=utf8mb4 COLLATE=utf8mb4_general_ci;

--
-- Dumping data for table `users`
--

INSERT INTO `users` (`id`, `fname`, `lname`, `uname`, `pass`, `role`, `hname`) VALUES
(1, 'admin', 'admin', 'admin@gmail.com', 'yes', 'admin', ''),
(2, 'Dodge', 'Suico', 'dodge@gmail.com', 'yes', 'landlord', 'Dodge Boarding House'),
(3, 'alfred', 'magaso', 'alfred@gmail.com', 'yes', 'landlord', 'Alfred Boarding House'),
(5, 'khemark', 'ocariza', 'khemark@gmail.com', 'yes', 'landlord', 'Khemark BH'),
(6, 'Jestoni', 'Villarta', 'Jestoni@gmail.com', 'yes', 'landlord', 'Jestoni Boarding House'),
(7, 'Dave', 'Suico', 'dave@gmail.com', 'yes', 'landlord', 'Syudad Boarding House'),
(8, 'user', 'user', 'user@gmail.com', 'yes', 'user', ''),
(9, 'shrek', 'shrek', 'shrek@gmail.com', 'yes', 'landlord', 'shrek BH'),
(10, 'jessie', 'jessie', 'jessie@gmail.com', 'yes', 'landlord', '');

--
-- Indexes for dumped tables
--

--
-- Indexes for table `bhapplication`
--
ALTER TABLE `bhapplication`
  ADD PRIMARY KEY (`id`);

--
-- Indexes for table `boardinghouses`
--
ALTER TABLE `boardinghouses`
  ADD PRIMARY KEY (`id`);

--
-- Indexes for table `description`
--
ALTER TABLE `description`
  ADD PRIMARY KEY (`id`);

--
-- Indexes for table `documents`
--
ALTER TABLE `documents`
  ADD PRIMARY KEY (`id`);

--
-- Indexes for table `reservation`
--
ALTER TABLE `reservation`
  ADD PRIMARY KEY (`id`);

--
-- Indexes for table `rooms`
--
ALTER TABLE `rooms`
  ADD PRIMARY KEY (`id`);

--
-- Indexes for table `users`
--
ALTER TABLE `users`
  ADD PRIMARY KEY (`id`);

--
-- AUTO_INCREMENT for dumped tables
--

--
-- AUTO_INCREMENT for table `bhapplication`
--
ALTER TABLE `bhapplication`
  MODIFY `id` int(11) NOT NULL AUTO_INCREMENT, AUTO_INCREMENT=29;

--
-- AUTO_INCREMENT for table `boardinghouses`
--
ALTER TABLE `boardinghouses`
  MODIFY `id` int(11) NOT NULL AUTO_INCREMENT, AUTO_INCREMENT=29;

--
-- AUTO_INCREMENT for table `description`
--
ALTER TABLE `description`
  MODIFY `id` int(255) NOT NULL AUTO_INCREMENT, AUTO_INCREMENT=29;

--
-- AUTO_INCREMENT for table `documents`
--
ALTER TABLE `documents`
  MODIFY `id` int(255) NOT NULL AUTO_INCREMENT, AUTO_INCREMENT=29;

--
-- AUTO_INCREMENT for table `reservation`
--
ALTER TABLE `reservation`
  MODIFY `id` int(255) NOT NULL AUTO_INCREMENT, AUTO_INCREMENT=11;

--
-- AUTO_INCREMENT for table `rooms`
--
ALTER TABLE `rooms`
  MODIFY `id` int(11) NOT NULL AUTO_INCREMENT, AUTO_INCREMENT=7;

--
-- AUTO_INCREMENT for table `users`
--
ALTER TABLE `users`
  MODIFY `id` int(11) NOT NULL AUTO_INCREMENT, AUTO_INCREMENT=11;
COMMIT;

/*!40101 SET CHARACTER_SET_CLIENT=@OLD_CHARACTER_SET_CLIENT */;
/*!40101 SET CHARACTER_SET_RESULTS=@OLD_CHARACTER_SET_RESULTS */;
/*!40101 SET COLLATION_CONNECTION=@OLD_COLLATION_CONNECTION */;
